Symbol,Last_Close (₦),XGB_Signal,XGB_Return (%),XGB_R2,XGB_Direction_Acc,XGB_Balanced_Acc,XGB_Buy_Probability,XGB_F1_BUY,XGB_Confidence,RF_Signal,RF_Return (%),RF_R2,RF_Direction_Acc,RF_Balanced_Acc,RF_Buy_Probability,RF_F1_BUY,RF_Confidence,LSTM_Signal,LSTM_Return (%),LSTM_R2,LSTM_Direction_Acc,LSTM_Balanced_Acc,LSTM_Buy_Probability,LSTM_F1_BUY,LSTM_Confidence,XGB_Quality_Pass,RF_Quality_Pass,LSTM_Quality_Pass,Models_Run,Qualified_Models,Qualified_Model_Names,Vote_Source,Consensus_Signal,Consensus_Tier,Avg_R2,Avg_Quality_R2,Avg_Confidence,Avg_Return,Fallback_Return_20D (%),Fallback_Return_60D (%),Fallback_Return_120D (%),Fallback_Avg_Trade_Value_20D
ABBEYBDS,6.75,,,,,,,,,,,,,,,,,,,,,,,,,False,False,False,0,0,,fallback_price_momentum,SELL,4,0.0,0.0,0.1004,-6.04,12.5,-34.466,3.8462,120502245.33
ABCTRANS,7.64,,,,,,,,,,,,,,,,,,,,,,,,,False,False,False,0,0,,fallback_price_momentum,BUY,3,0.0,0.0,0.12,60.7338,46.9231,13.1852,122.093,8764157.69
ACADEMY,9.15,,,,,,,,,,,,,,,,,,,,,,,,,False,False,False,0,0,,fallback_price_momentum,BUY,3,0.0,0.0,0.12,21.4423,18.8312,8.9286,36.5672,4848629.68
ACCESSCORP,31.3,SELL,-4.16,0.135,63.85,63.5,28.54,55.8,0.1521,SELL,-5.65,0.0796,58.72,57.96,20.83,33.2,0.1122,,,,,,,,,True,True,False,2,2,"XGB,RF",quality,SELL,2,0.1073,0.1073,0.1322,,,,,
AFRIPRUD,13.8,BUY,2.31,0.0271,51.03,52.71,64.41,57.78,0.0878,BUY,1.38,0.0064,50.0,50.64,58.65,51.74,0.0453,,,,,,,,,True,True,False,2,2,"XGB,RF",quality,BUY,2,0.0168,0.0168,0.0666,,,,,
AIICO,4.16,SELL,-6.86,0.0083,44.22,50.83,20.13,4.41,0.0134,SELL,-6.55,0.0,43.19,50.0,21.45,0.0,0.0,,,,,,,,,False,False,False,2,0,,none,CONFLICT,3,0.0042,0.0,0.0,,,,,
AIRTELAFRI,3655.7,,,,,,,,,,,,,,,,,,,,,,,,,False,False,False,0,0,,fallback_price_momentum,BUY,3,0.0,0.0,0.12,51.7275,33.0943,61.0441,61.0441,150926253.55
ALEX,9.9,,,,,,,,,,,,,,,,,,,,,,,,,False,False,False,0,0,,fallback_price_momentum,SELL,4,0.0,0.0,0.0738,-3.3805,-6.1611,-42.4419,38.4615,3273496.51
ARADEL,1933.8,,,,,,,,,,,,,,,,,,,,,,,,,False,False,False,0,0,,fallback_price_momentum,BUY,3,0.0,0.0,0.12,85.0301,-2.7655,76.7803,181.0756,5646622593.13
ARDOVA,16.5,,,,,,,,,,,,,,,,,,,,,,,,,False,False,False,0,0,,fallback_price_momentum,SELL,4,0.0,0.0,0.1029,-6.2875,-7.3034,-3.2258,-8.3333,15344194.05
AUSTINLAZ,3.76,,,,,,,,,,,,,,,,,,,,,,,,,False,False,False,0,0,,fallback_price_momentum,BUY,3,0.0,0.0,0.12,13.896,0.8043,-18.4382,59.322,4751300.0
BERGER,74.45,BUY,0.09,0.0944,57.36,59.44,50.47,60.85,0.0034,SELL,-0.88,0.0656,52.76,56.56,45.61,53.61,0.0266,,,,,,,,,False,False,False,2,0,,none,CONFLICT,3,0.08,0.0,0.0,,,,,
BETAGLAS,570.0,,,,,,,,,,,,,,,,,,,,,,,,,False,False,False,0,0,,fallback_price_momentum,BUY,3,0.0,0.0,0.12,24.3281,4.5872,14.343,54.0541,154332172.95
BUACEMENT,378.0,,,,,,,,,,,,,,,,,,,,,,,,,False,False,False,0,0,,fallback_price_momentum,BUY,3,0.0,0.0,0.12,69.4421,-0.5263,72.6027,136.25,643206555.51
BUAFOODS,967.0,,,,,,,,,,,,,,,,,,,,,,,,,False,False,False,0,0,,fallback_price_momentum,BUY,3,0.0,0.0,0.12,20.8369,0.0,22.8717,39.639,185126998.95
CADBURY,73.5,SELL,-7.11,0.0672,49.06,56.72,22.18,37.62,0.1187,SELL,-7.78,0.0233,41.24,52.33,19.55,11.38,0.0363,SELL,-3.13,0.005,37.04,50.5,37.76,3.49,0.0043,False,False,False,3,0,,none,CONFLICT,3,0.0318,0.0,0.0,,,,,
CAP,120.0,SELL,-6.46,0.0571,51.03,55.71,14.49,31.84,0.126,SELL,-5.78,0.0026,43.7,50.26,18.18,1.03,0.0033,BUY,0.19,0.1427,63.55,64.27,51.05,65.69,0.0089,True,False,False,3,1,XGB,quality,SELL,3,0.0675,0.0571,0.126,,,,,
CAVERTON,6.0,,,,,,,,,,,,,,,,,,,,,,,,,False,False,False,0,0,,fallback_price_momentum,BUY,3,0.0,0.0,0.0809,4.0869,3.4483,-7.6923,16.5049,17063517.5
CCNN,18.1,,,,,,,,,,,,,,,,,,,,,,,,,False,False,False,0,0,,fallback_price_momentum,BUY,3,0.0,0.0,0.12,11.195,-4.7368,9.0361,29.2857,26105691.57
CHAMPION,13.05,,,,,,,,,,,,,,,,,,,,,,,,,False,False,False,0,0,,fallback_price_momentum,SELL,4,0.0,0.0,0.12,-15.2597,-6.7857,-32.2078,-6.7857,149932007.45
CHAMS,4.15,,,,,,,,,,,,,,,,,,,,,,,,,False,False,False,0,0,,fallback_price_momentum,BUY,3,0.0,0.0,0.12,19.8283,25.7576,-6.9507,40.678,142191885.12
CHELLARAM,13.2,,,,,,,,,,,,,,,,,,,,,,,,,False,False,False,0,0,,fallback_price_momentum,SELL,4,0.0,0.0,0.073,-3.2992,0.0,0.0,-9.8976,1251199.52
CHIPLC,1.09,,,,,,,,,,,,,,,,,,,,,,,,,False,False,False,0,0,,fallback_price_momentum,BUY,3,0.0,0.0,0.12,31.0286,-5.2174,25.2874,73.0159,8930166.53
CILEASING,6.35,,,,,,,,,,,,,,,,,,,,,,,,,False,False,False,0,0,,fallback_price_momentum,BUY,3,0.0,0.0,0.1059,6.5858,7.6271,-15.894,28.0242,18662608.57
CONHALLPLC,6.87,,,,,,,,,,,,,,,,,,,,,,,,,False,False,False,0,0,,fallback_price_momentum,BUY,3,0.0,0.0,0.12,50.4913,33.3981,39.6341,78.4416,27514179.01
CONOIL,194.0,BUY,0.82,0.0,56.72,46.71,52.94,21.43,0.0059,SELL,-5.08,0.0,65.25,49.09,31.83,5.36,0.0096,SELL,-0.16,0.0566,64.91,55.66,49.44,35.06,0.0022,False,True,False,3,1,RF,quality,SELL,3,0.0189,0.0,0.0096,,,,,
CORNERST,5.8,,,,,,,,,,,,,,,,,,,,,,,,,False,False,False,0,0,,fallback_price_momentum,BUY,3,0.0,0.0,0.0716,3.1608,5.4545,-0.8547,4.8825,10236597.93
COURTVILLE,0.6,,,,,,,,,,,,,,,,,,,,,,,,,False,False,False,0,0,,fallback_price_momentum,BUY,3,0.0,0.0,0.12,9.5927,1.6949,-6.25,33.3333,2005720.22
CUSTODIAN,83.0,,,,,,,,,,,,,,,,,,,,,,,,,False,False,False,0,0,,fallback_price_momentum,BUY,3,0.0,0.0,0.12,43.3575,-4.7619,26.8144,108.0201,120812818.06
CUTIX,3.0,,,,,,,,,,,,,,,,,,,,,,,,,False,False,False,0,0,,fallback_price_momentum,SELL,4,0.0,0.0,0.12,-9.9331,-1.6393,-24.6231,-3.537,21284974.08
CWG,24.0,,,,,,,,,,,,,,,,,,,,,,,,,False,False,False,0,0,,fallback_price_momentum,BUY,3,0.0,0.0,0.12,17.8581,11.6279,4.8035,37.1429,67276519.5
DAARCOMM,1.95,,,,,,,,,,,,,,,,,,,,,,,,,False,False,False,0,0,,fallback_price_momentum,BUY,3,0.0,0.0,0.12,42.5158,17.4699,-16.6667,126.7442,12709061.42
DANGCEM,1180.0,,,,,,,,,,,,,,,,,,,,,,,,,False,False,False,0,0,,fallback_price_momentum,BUY,3,0.0,0.0,0.12,61.5432,21.6495,42.2544,120.7258,2450695924.62
DANGFLOUR,22.25,,,,,,,,,,,,,,,,,,,,,,,,,False,False,False,0,0,,fallback_price_momentum,BUY,3,0.0,0.0,0.12,11.2871,0.2252,15.285,18.3511,24102917.54
DANGSUGAR,71.15,,,,,,,,,,,,,,,,,,,,,,,,,False,False,False,0,0,,fallback_price_momentum,BUY,3,0.0,0.0,0.1043,6.4278,2.0803,-12.1605,29.3636,677277134.9
DEAPCAP,5.16,,,,,,,,,,,,,,,,,,,,,,,,,False,False,False,0,0,,fallback_price_momentum,BUY,3,0.0,0.0,0.12,80.955,24.9395,-26.0745,244.0,18049863.99
DIAMONDBNK,2.42,,,,,,,,,,,,,,,,,,,,,,,,,False,False,False,0,0,,fallback_price_momentum,BUY,3,0.0,0.0,0.12,60.0012,0.0,76.6423,103.3613,87305436.18
ELLAHLAKES,10.0,,,,,,,,,,,,,,,,,,,,,,,,,False,False,False,0,0,,fallback_price_momentum,SELL,4,0.0,0.0,0.12,-14.7277,0.0,-15.6118,-28.5714,101674002.55
ETERNA,34.45,,,,,,,,,,,,,,,,,,,,,,,,,False,False,False,0,0,,fallback_price_momentum,HOLD,3,0.0,0.0,0.0503,1.0257,1.3235,4.7112,-2.9577,54518261.85
ETI,75.0,SELL,-11.25,0.1081,58.59,60.81,17.49,56.2,0.2222,SELL,-10.38,0.1062,56.25,60.62,20.0,45.45,0.1653,,,,,,,,,True,True,False,2,2,"XGB,RF",quality,SELL,2,0.1072,0.1072,0.1938,,,,,
ETI PREF,15.0,,,,,,,,,,,,,,,,,,,,,,,,,False,False,False,0,0,,fallback_price_momentum,SELL,4,0.0,0.0,0.12,-17.5118,-4.4586,-23.0769,-25.0,27613626.31
ETRANZACT,18.0,,,,,,,,,,,,,,,,,,,,,,,,,False,False,False,0,0,,fallback_price_momentum,BUY,3,0.0,0.0,0.12,8.0686,13.9241,-14.2857,24.5675,11933066.41
EUNISELL,209.95,,,,,,,,,,,,,,,,,,,,,,,,,False,False,False,0,0,,fallback_price_momentum,BUY,3,0.0,0.0,0.12,76.1944,23.5363,45.8493,159.1975,38773154.05
FBNH,26.5,BUY,6.52,0.0137,55.02,51.37,79.34,69.17,0.2085,BUY,2.78,0.0,46.81,44.96,62.49,57.42,0.0645,,,,,,,,,True,False,False,2,1,XGB,quality,BUY,3,0.0068,0.0137,0.2085,,,,,
FCMB,12.65,SELL,-4.19,0.1577,65.38,65.77,29.83,62.18,0.165,SELL,-6.87,0.1311,62.05,63.11,16.94,47.89,0.1998,,,,,,,,,True,True,False,2,2,"XGB,RF",quality,SELL,2,0.1444,0.1444,0.1824,,,,,
FIDELITYBK,20.1,SELL,-0.94,0.1956,68.72,69.56,46.25,67.55,0.0353,SELL,-3.33,0.1469,62.05,64.69,36.75,49.66,0.0851,,,,,,,,,False,True,False,2,1,RF,quality,SELL,3,0.1713,0.1469,0.0851,,,,,
FIDSON,136.5,,,,,,,,,,,,,,,,,,,,,,,,,False,False,False,0,0,,fallback_price_momentum,BUY,3,0.0,0.0,0.12,110.4048,38.2979,51.6667,241.25,111483135.96
FIRSTHOLDCO,67.0,,,,,,,,,,,,,,,,,,,,,,,,,False,False,False,0,0,,fallback_price_momentum,BUY,3,0.0,0.0,0.12,47.644,3.0769,24.0741,115.781,4054158459.68
FLOURMILL,62.0,SELL,-6.56,0.0927,56.37,59.27,10.93,34.45,0.1595,SELL,-6.67,0.0942,56.37,59.42,10.23,32.51,0.1537,,,,,,,,,True,True,False,2,2,"XGB,RF",quality,SELL,2,0.0934,0.0934,0.1566,,,,,
FO,16.7,,,,,,,,,,,,,,,,,,,,,,,,,False,False,False,0,0,,fallback_price_momentum,SELL,4,0.0,0.0,0.12,-8.3824,-18.932,-7.7348,1.5198,3800523.86
FTNCOCOA,9.09,,,,,,,,,,,,,,,,,,,,,,,,,False,False,False,0,0,,fallback_price_momentum,BUY,3,0.0,0.0,0.12,72.5194,81.8,50.2479,85.5102,116208545.87
GEREGU,1132.5,,,,,,,,,,,,,,,,,,,,,,,,,False,False,False,0,0,,fallback_price_momentum,HOLD,3,0.0,0.0,0.05,-0.5256,0.0,-0.7884,-0.7884,2952147.62
GLAXOSMITH,12.15,SELL,-9.47,0.0837,56.87,58.37,12.12,51.5,0.2278,SELL,-8.74,0.0635,54.58,56.35,15.05,47.11,0.1856,,,,,,,,,True,True,False,2,2,"XGB,RF",quality,SELL,2,0.0736,0.0736,0.2067,,,,,
GTCO,133.8,SELL,-4.18,0.1605,59.64,66.05,30.81,60.65,0.1538,SELL,-4.09,0.1392,55.78,63.92,31.23,54.26,0.1302,SELL,-0.62,0.0,32.52,50.0,47.15,0.0,0.0,True,True,False,3,2,"XGB,RF",quality,SELL,2,0.0999,0.1498,0.142,,,,,
GUINEAINS,1.08,,,,,,,,,,,,,,,,,,,,,,,,,False,False,False,0,0,,fallback_price_momentum,SELL,4,0.0,0.0,0.12,-8.4178,-1.8182,-14.9606,-8.4746,3513828.72
GUINNESS,497.0,SELL,-7.6,0.077,54.39,57.7,29.55,38.78,0.0915,SELL,-11.62,0.0577,52.12,55.77,18.73,32.67,0.1139,,,,,,,,,True,True,False,2,2,"XGB,RF",quality,SELL,2,0.0673,0.0673,0.1027,,,,,
HMCALL,3.84,,,,,,,,,,,,,,,,,,,,,,,,,False,False,False,0,0,,fallback_price_momentum,HOLD,3,0.0,0.0,0.05,-0.8028,11.9534,-4.7146,-9.6471,1913202.32
HONYFLOUR,18.45,,,,,,,,,,,,,,,,,,,,,,,,,False,False,False,0,0,,fallback_price_momentum,SELL,4,0.0,0.0,0.1029,-6.2918,-0.5391,-19.4323,1.0959,128033714.64
IKEJAHOTEL,43.7,,,,,,,,,,,,,,,,,,,,,,,,,False,False,False,0,0,,fallback_price_momentum,BUY,3,0.0,0.0,0.12,23.5716,17.3154,15.7616,37.6378,20565019.17
IMG,38.1,,,,,,,,,,,,,,,,,,,,,,,,,False,False,False,0,0,,fallback_price_momentum,BUY,3,0.0,0.0,0.1055,6.546,-3.7879,5.8333,17.5926,11923882.75
INTBREW,13.2,SELL,-1.29,0.129,61.04,62.9,45.04,54.27,0.0339,SELL,-1.07,0.0867,56.36,58.67,45.91,45.45,0.0218,,,,,,,,,False,False,False,2,0,,none,CONFLICT,3,0.1078,0.0,0.0,,,,,
INTENEGINS,4.97,,,,,,,,,,,,,,,,,,,,,,,,,False,False,False,0,0,,fallback_price_momentum,BUY,3,0.0,0.0,0.12,82.9574,70.2055,57.7778,120.8889,11118124.82
JAIZBANK,8.97,,,,,,,,,,,,,,,,,,,,,,,,,False,False,False,0,0,,fallback_price_momentum,BUY,3,0.0,0.0,0.12,23.3268,1.8161,-28.9786,97.1429,159998263.64
JAPAULGOLD,3.7,,,,,,,,,,,,,,,,,,,,,,,,,False,False,False,0,0,,fallback_price_momentum,BUY,3,0.0,0.0,0.12,33.3955,33.0935,-1.8568,68.9498,94925374.18
JAPAULOIL,0.25,,,,,,,,,,,,,,,,,,,,,,,,,False,False,False,0,0,,fallback_price_momentum,HOLD,3,0.0,0.0,0.0573,-1.7316,-24.2424,19.0476,0.0,1490300.21
JBERGER,288.0,BUY,7.85,0.0698,58.45,56.98,79.64,66.67,0.2252,BUY,5.18,0.0776,59.03,57.76,69.53,66.35,0.1497,,,,,,,,,True,True,False,2,2,"XGB,RF",quality,BUY,2,0.0737,0.0737,0.1874,,,,,
JOHNHOLT,15.3,,,,,,,,,,,,,,,,,,,,,,,,,False,False,False,0,0,,fallback_price_momentum,BUY,3,0.0,0.0,0.12,93.8802,21.4286,76.8786,183.3333,16582225.88
LASACO,2.08,,,,,,,,,,,,,,,,,,,,,,,,,False,False,False,0,0,,fallback_price_momentum,SELL,4,0.0,0.0,0.12,-10.2939,2.9703,-15.102,-18.75,43710072.25
LEARNAFRCA,12.75,,,,,,,,,,,,,,,,,,,,,,,,,False,False,False,0,0,,fallback_price_momentum,BUY,3,0.0,0.0,0.12,64.4776,37.0968,34.2105,122.1254,14698007.55
LEGENDINT,5.9,,,,,,,,,,,,,,,,,,,,,,,,,False,False,False,0,0,,fallback_price_momentum,HOLD,3,0.0,0.0,0.0555,1.5465,0.0,-1.6667,6.3063,11775779.62
LINKASSURE,1.79,,,,,,,,,,,,,,,,,,,,,,,,,False,False,False,0,0,,fallback_price_momentum,BUY,3,0.0,0.0,0.0732,3.324,9.816,2.8736,-2.7174,32982866.26
LIVESTOCK,7.95,SELL,-11.09,0.0886,58.91,58.86,13.61,47.18,0.2021,SELL,-10.49,0.0233,52.45,52.33,15.6,8.91,0.0321,,,,,,,,,True,True,False,2,2,"XGB,RF",quality,SELL,2,0.056,0.056,0.1171,,,,,
LIVINGTRUST,4.0,,,,,,,,,,,,,,,,,,,,,,,,,False,False,False,0,0,,fallback_price_momentum,HOLD,3,0.0,0.0,0.05,0.2692,17.6471,-28.5714,11.7318,4001328.91
MANSARD,13.5,,,,,,,,,,,,,,,,,,,,,,,,,False,False,False,0,0,,fallback_price_momentum,SELL,4,0.0,0.0,0.0931,-5.3124,0.0,-20.5882,4.6512,22630521.18
MAYBAKER,37.9,SELL,-1.98,0.0797,54.07,57.97,40.09,49.86,0.0573,SELL,-2.02,0.0565,50.13,55.65,39.86,39.87,0.045,,,,,,,,,True,True,False,2,2,"XGB,RF",quality,SELL,2,0.0681,0.0681,0.0512,,,,,
MBENEFIT,4.29,,,,,,,,,,,,,,,,,,,,,,,,,False,False,False,0,0,,fallback_price_momentum,BUY,3,0.0,0.0,0.12,9.3637,6.9825,-9.6842,30.7927,64855926.53
MCNICHOLS,8.6,,,,,,,,,,,,,,,,,,,,,,,,,False,False,False,0,0,,fallback_price_momentum,BUY,3,0.0,0.0,0.12,86.9354,40.7529,1.5348,218.5185,29557669.44
MECURE,94.9,,,,,,,,,,,,,,,,,,,,,,,,,False,False,False,0,0,,fallback_price_momentum,BUY,3,0.0,0.0,0.12,98.1455,63.3391,12.6409,218.4564,56761675.86
MEYER,20.6,,,,,,,,,,,,,,,,,,,,,,,,,False,False,False,0,0,,fallback_price_momentum,BUY,3,0.0,0.0,0.12,26.4626,22.619,-0.4831,57.2519,14267468.62
MOBIL,228.0,,,,,,,,,,,,,,,,,,,,,,,,,False,False,False,0,0,,fallback_price_momentum,BUY,3,0.0,0.0,0.0846,4.4577,0.0,-8.6172,21.9904,3324354.98
MRS,149.5,,,,,,,,,,,,,,,,,,,,,,,,,False,False,False,0,0,,fallback_price_momentum,SELL,4,0.0,0.0,0.12,-8.8474,-4.1052,-5.0794,-17.3577,18131468.29
MTNN,820.0,,,,,,,,,,,,,,,,,,,,,,,,,False,False,False,0,0,,fallback_price_momentum,BUY,3,0.0,0.0,0.12,25.4644,-5.7471,7.8947,74.2456,4492684659.11
MULTIVERSE,25.65,,,,,,,,,,,,,,,,,,,,,,,,,False,False,False,0,0,,fallback_price_momentum,BUY,3,0.0,0.0,0.12,56.0732,0.0,12.9956,155.2239,3828418.07
NAHCO,189.5,,,,,,,,,,,,,,,,,,,,,,,,,False,False,False,0,0,,fallback_price_momentum,BUY,3,0.0,0.0,0.12,25.11,-21.0417,18.4375,77.9343,394908189.95
NASCON,206.9,SELL,-8.34,0.0649,41.13,56.49,16.79,30.48,0.1144,SELL,-7.54,0.1334,48.92,63.34,19.96,43.11,0.1641,,,,,,,,,False,False,False,2,0,,none,CONFLICT,3,0.0991,0.0,0.0,,,,,
NB,74.65,SELL,-10.42,0.0214,45.45,52.14,9.67,22.79,0.0959,SELL,-10.21,0.0283,45.71,52.83,10.49,20.53,0.0857,,,,,,,,,False,False,False,2,0,,none,CONFLICT,3,0.0248,0.0,0.0,,,,,
NCR,161.2,,,,,,,,,,,,,,,,,,,,,,,,,False,False,False,0,0,,fallback_price_momentum,BUY,3,0.0,0.0,0.12,43.4099,-18.995,-18.995,168.2196,9546174.54
NEIMETH,10.3,,,,,,,,,,,,,,,,,,,,,,,,,False,False,False,0,0,,fallback_price_momentum,BUY,3,0.0,0.0,0.12,31.2862,15.0838,-11.9658,90.7407,91298931.27
NEM,32.45,SELL,-4.58,0.1064,59.52,60.64,32.4,57.38,0.1225,SELL,-4.77,0.1067,59.26,60.67,31.7,55.75,0.1238,,,,,,,,,True,True,False,2,2,"XGB,RF",quality,SELL,2,0.1066,0.1066,0.1232,,,,,
NESTLE,3100.0,SELL,-0.39,0.1117,61.06,61.17,47.47,55.7,0.0172,SELL,-0.77,0.0942,59.29,59.42,45.0,52.74,0.0314,BUY,0.22,0.0906,59.25,59.06,51.4,61.76,0.0102,False,False,False,3,0,,none,CONFLICT,3,0.0988,0.0,0.0,,,,,
NGXGROUP,149.5,,,,,,,,,,,,,,,,,,,,,,,,,False,False,False,0,0,,fallback_price_momentum,BUY,3,0.0,0.0,0.12,64.9418,-3.5484,32.3595,166.0142,1664698629.57
NNFM,79.4,BUY,4.91,0.0722,60.66,57.22,62.21,43.53,0.0608,SELL,-6.49,0.112,67.21,61.2,33.84,38.46,0.0761,,,,,,,,,True,True,False,2,2,"XGB,RF",quality,CONFLICT,3,0.0921,0.0921,0.0684,,,,,
NPFMCRFBK,5.74,,,,,,,,,,,,,,,,,,,,,,,,,False,False,False,0,0,,fallback_price_momentum,BUY,3,0.0,0.0,0.12,34.0641,8.3019,-14.8368,108.7273,14650956.9
NSLTECH,0.87,,,,,,,,,,,,,,,,,,,,,,,,,False,False,False,0,0,,fallback_price_momentum,SELL,4,0.0,0.0,0.12,-10.7069,-2.2472,-40.0,10.1266,29641809.94
OANDO,45.0,BUY,11.02,0.1054,57.73,60.54,80.79,63.72,0.2375,BUY,9.31,0.1027,57.99,60.27,76.0,62.53,0.196,SELL,-1.83,0.0,56.25,50.0,44.87,0.0,0.0,True,True,False,3,2,"XGB,RF",quality,BUY,2,0.0694,0.104,0.2168,,,,,
OKOMUOIL,1765.0,BUY,3.41,0.2088,68.32,70.88,64.09,68.71,0.1372,SELL,-3.17,0.1827,62.73,68.27,36.88,56.52,0.1012,SELL,-1.11,0.0086,40.07,50.86,45.39,8.12,0.0038,True,True,False,3,2,"XGB,RF",quality,CONFLICT,3,0.1334,0.1958,0.1192,,,,,
OMATEK,1.99,,,,,,,,,,,,,,,,,,,,,,,,,False,False,False,0,0,,fallback_price_momentum,BUY,3,0.0,0.0,0.12,15.085,-0.5,-16.0338,61.7886,6252526.38
PHARMDEKO,1.83,,,,,,,,,,,,,,,,,,,,,,,,,False,False,False,0,0,,fallback_price_momentum,SELL,4,0.0,0.0,0.1185,-7.8545,-15.2778,-12.8571,4.5714,1440918.9
PREMPAINTS,33.75,,,,,,,,,,,,,,,,,,,,,,,,,False,False,False,0,0,,fallback_price_momentum,BUY,3,0.0,0.0,0.12,151.9536,-10.0,206.8182,259.0426,2241077.22
PRESCO,2300.0,SELL,-1.58,0.0648,54.77,56.48,44.94,50.51,0.0289,SELL,-5.72,0.0236,49.23,52.36,31.69,35.29,0.0677,SELL,-3.1,0.0061,47.21,50.61,40.08,2.42,0.0024,True,False,False,3,1,XGB,quality,SELL,3,0.0315,0.0648,0.0289,,,,,
PRESTIGE,1.48,,,,,,,,,,,,,,,,,,,,,,,,,False,False,False,0,0,,fallback_price_momentum,SELL,4,0.0,0.0,0.0778,-3.7761,6.4748,-7.5,-10.303,2714649.81
PZ,89.85,SELL,-4.8,0.1142,62.23,61.42,38.26,68.58,0.0989,SELL,-9.49,0.0604,50.53,56.04,26.81,48.62,0.1264,,,,,,,,,True,True,False,2,2,"XGB,RF",quality,SELL,2,0.0873,0.0873,0.1126,,,,,
REDSTAREX,30.7,,,,,,,,,,,,,,,,,,,,,,,,,False,False,False,0,0,,fallback_price_momentum,BUY,3,0.0,0.0,0.12,81.6959,9.0586,2.3333,233.6957,64331148.98
REGALINS,1.02,,,,,,,,,,,,,,,,,,,,,,,,,False,False,False,0,0,,fallback_price_momentum,SELL,4,0.0,0.0,0.0615,-2.1491,4.0816,-13.5593,3.0303,11157004.3
ROYALEX,1.5,,,,,,,,,,,,,,,,,,,,,,,,,False,False,False,0,0,,fallback_price_momentum,SELL,4,0.0,0.0,0.12,-15.2047,-0.6623,-21.875,-23.0769,5998327.95
RTBRISCOE,14.9,,,,,,,,,,,,,,,,,,,,,,,,,False,False,False,0,0,,fallback_price_momentum,BUY,3,0.0,0.0,0.12,155.1674,53.9256,30.9315,380.6452,47485647.11
SCOA,33.05,,,,,,,,,,,,,,,,,,,,,,,,,False,False,False,0,0,,fallback_price_momentum,BUY,3,0.0,0.0,0.12,132.6803,45.9161,-13.3683,365.493,10185376.98
SEPLAT,11486.2,,,,,,,,,,,,,,,,,,,,,,,,,False,False,False,0,0,,fallback_price_momentum,BUY,3,0.0,0.0,0.12,44.6234,9.9158,26.2234,97.7311,3003509213.79
SKYAVN,156.95,,,,,,,,,,,,,,,,,,,,,,,,,False,False,False,0,0,,fallback_price_momentum,BUY,3,0.0,0.0,0.12,37.5739,9.6785,8.3161,94.727,45029514.29
SKYEBANK,0.77,,,,,,,,,,,,,,,,,,,,,,,,,False,False,False,0,0,,fallback_price_momentum,BUY,3,0.0,0.0,0.12,13.7792,35.0877,10.0,-3.75,4861133.28
SOVRENINS,2.94,,,,,,,,,,,,,,,,,,,,,,,,,False,False,False,0,0,,fallback_price_momentum,BUY,3,0.0,0.0,0.12,29.3481,39.3365,46.2687,2.439,21191178.71
STANBIC,169.35,,,,,,,,,,,,,,,,,,,,,,,,,False,False,False,0,0,,fallback_price_momentum,BUY,3,0.0,0.0,0.12,34.6643,3.8957,38.8115,61.2857,430885350.79
STERLINGNG,7.85,,,,,,,,,,,,,,,,,,,,,,,,,False,False,False,0,0,,fallback_price_momentum,HOLD,3,0.0,0.0,0.05,-0.7024,-1.875,-10.7955,10.5634,368625251.98
STERLNBANK,1.6,,,,,,,,,,,,,,,,,,,,,,,,,False,False,False,0,0,,fallback_price_momentum,BUY,3,0.0,0.0,0.1148,7.4836,3.8961,11.8881,6.6667,13999287.58
SUNUASSUR,4.48,,,,,,,,,,,,,,,,,,,,,,,,,False,False,False,0,0,,fallback_price_momentum,BUY,3,0.0,0.0,0.0774,3.7378,5.4118,1.1287,4.6729,9041584.08
TANTALIZER,4.8,,,,,,,,,,,,,,,,,,,,,,,,,False,False,False,0,0,,fallback_price_momentum,BUY,3,0.0,0.0,0.12,45.3385,31.5068,3.6717,100.8368,59612323.75
TIP,31.2,,,,,,,,,,,,,,,,,,,,,,,,,False,False,False,0,0,,fallback_price_momentum,BUY,3,0.0,0.0,0.12,87.8291,12.0287,69.1057,182.3529,546966462.93
TOTAL,640.0,SELL,-5.58,0.0191,63.33,51.91,32.13,15.38,0.0285,SELL,-6.29,0.0,63.33,50.0,29.87,0.0,0.0,,,,,,,,,True,False,False,2,1,XGB,quality,SELL,3,0.0096,0.0191,0.0285,,,,,
TRANSCOHOT,223.3,,,,,,,,,,,,,,,,,,,,,,,,,False,False,False,0,0,,fallback_price_momentum,BUY,3,0.0,0.0,0.12,15.1284,0.0,17.7122,27.673,18307167.93
TRANSCORP,46.0,,,,,,,,,,,,,,,,,,,,,,,,,False,False,False,0,0,,fallback_price_momentum,HOLD,3,0.0,0.0,0.05,-0.8026,-2.1277,-9.8039,9.5238,143524840.01
TRANSEXPR,4.76,,,,,,,,,,,,,,,,,,,,,,,,,False,False,False,0,0,,fallback_price_momentum,BUY,3,0.0,0.0,0.12,72.3886,-25.625,121.3953,121.3953,5539208.14
TRANSPOWER,245.5,,,,,,,,,,,,,,,,,,,,,,,,,False,False,False,0,0,,fallback_price_momentum,SELL,4,0.0,0.0,0.12,-16.6711,-9.9743,-20.0065,-20.0326,18380142.59
UAC-PROP,0.75,BUY,10.8,0.1125,56.43,61.25,91.89,65.14,0.3343,BUY,10.42,0.1208,57.14,62.08,90.42,65.91,0.3308,,,,,,,,,True,True,False,2,2,"XGB,RF",quality,BUY,2,0.1166,0.1166,0.3326,,,,,
UACN,142.0,SELL,-5.39,0.1273,54.78,62.73,29.54,43.37,0.1113,SELL,-8.49,0.0,38.5,50.0,17.81,0.0,0.0,BUY,3.8,0.0,60.49,50.0,64.41,75.38,0.1086,True,False,True,3,2,"XGB,LSTM",quality,CONFLICT,3,0.0424,0.0636,0.11,,,,,
UBA,55.0,SELL,-6.36,0.1786,67.95,67.86,18.22,66.31,0.286,SELL,-7.47,0.0504,56.41,55.04,12.65,19.05,0.0783,BUY,2.09,0.0,48.38,50.0,60.46,65.21,0.0682,True,True,False,3,2,"XGB,RF",quality,SELL,2,0.0763,0.1145,0.1821,,,,,
UBN,6.55,BUY,0.35,0.2021,71.6,70.21,52.06,63.68,0.0184,BUY,0.13,0.1493,66.54,64.93,50.73,56.12,0.0053,,,,,,,,,False,False,False,2,0,,none,CONFLICT,3,0.1757,0.0,0.0,,,,,
UCAP,19.0,,,,,,,,,,,,,,,,,,,,,,,,,False,False,False,0,0,,fallback_price_momentum,BUY,3,0.0,0.0,0.0894,4.9424,5.2632,-0.2625,9.8266,240678754.57
UNILEVER,125.0,SELL,-8.99,0.0723,49.33,57.23,8.42,39.87,0.1898,SELL,-8.2,0.082,49.07,58.2,12.09,36.12,0.1594,SELL,-1.94,0.0015,36.9,50.15,41.02,5.08,0.0046,False,False,False,3,0,,none,CONFLICT,3,0.0519,0.0,0.0,,,,,
UNIONDICON,23.75,,,,,,,,,,,,,,,,,,,,,,,,,False,False,False,0,0,,fallback_price_momentum,BUY,3,0.0,0.0,0.12,96.9352,8.4475,43.0723,239.2857,3172953.05
UNITYBNK,1.51,,,,,,,,,,,,,,,,,,,,,,,,,False,False,False,0,0,,fallback_price_momentum,SELL,4,0.0,0.0,0.12,-19.2608,17.9688,-29.108,-46.6431,5592153.95
UNIVINSURE,1.09,,,,,,,,,,,,,,,,,,,,,,,,,False,False,False,0,0,,fallback_price_momentum,SELL,4,0.0,0.0,0.12,-11.6626,-9.9174,-19.8529,-5.2174,9729459.91
UPDC,4.2,,,,,,,,,,,,,,,,,,,,,,,,,False,False,False,0,0,,fallback_price_momentum,SELL,4,0.0,0.0,0.12,-13.1559,-14.2857,-12.5,-12.6819,29734266.64
UPL,5.0,SELL,-3.93,0.0423,56.37,54.23,36.08,23.76,0.0359,SELL,-4.15,0.0332,55.81,53.32,35.29,13.33,0.0209,,,,,,,,,True,True,False,2,2,"XGB,RF",quality,SELL,2,0.0378,0.0378,0.0284,,,,,
VERITASKAP,1.66,,,,,,,,,,,,,,,,,,,,,,,,,False,False,False,0,0,,fallback_price_momentum,SELL,4,0.0,0.0,0.12,-14.1532,-6.7416,-31.1203,-4.5977,51063541.68
VETBANK,27.0,,,,,,,,,,,,,,,,,,,,,,,,,False,False,False,0,0,,fallback_price_momentum,BUY,3,0.0,0.0,0.12,32.4873,11.8476,-22.0779,107.6923,15411846.13
VETGOODS,56.0,,,,,,,,,,,,,,,,,,,,,,,,,False,False,False,0,0,,fallback_price_momentum,BUY,3,0.0,0.0,0.12,22.5819,19.1489,-23.1824,71.7791,7232994.67
VFDGROUP,11.0,,,,,,,,,,,,,,,,,,,,,,,,,False,False,False,0,0,,fallback_price_momentum,BUY,3,0.0,0.0,0.0809,4.0868,5.7692,-3.5088,10.0,398346184.64
VITAFOAM,139.0,SELL,-7.1,0.2026,64.54,70.26,19.55,66.49,0.2845,SELL,-8.44,0.0921,49.03,59.21,13.82,42.5,0.1821,,,,,,,,,True,False,False,2,1,XGB,quality,SELL,3,0.1474,0.2026,0.2845,,,,,
WAPCO,324.5,SELL,-8.07,0.0377,39.85,53.77,10.41,31.58,0.1345,SELL,-8.75,0.0,30.33,49.54,7.09,4.91,0.0209,,,,,,,,,False,False,False,2,0,,none,CONFLICT,3,0.0188,0.0,0.0,,,,,
WAPIC,2.64,BUY,2.61,0.1482,64.84,64.82,61.73,63.41,0.0964,BUY,1.52,0.149,65.36,64.9,56.83,60.53,0.0537,,,,,,,,,True,True,False,2,2,"XGB,RF",quality,BUY,2,0.1486,0.1486,0.075,,,,,
WEMABANK,31.25,SELL,-8.19,0.1269,60.57,62.69,18.6,61.38,0.2416,SELL,-7.56,0.0597,49.35,55.97,21.03,35.33,0.1146,,,,,,,,,True,False,False,2,1,XGB,quality,SELL,3,0.0933,0.1269,0.2416,,,,,
ZENITHBANK,135.9,SELL,-5.84,0.034,44.1,53.4,18.67,26.85,0.0898,SELL,-7.12,0.0,37.69,49.93,11.84,2.41,0.0092,BUY,0.65,0.0047,61.35,50.47,53.5,75.89,0.0268,False,False,False,3,0,,none,CONFLICT,3,0.0129,0.0,0.0,,,,,
